Pokémon,Known As,HP,Attack,Defense,Sp. Attack,Sp. Defense,Speed
Bulbasaur,Bulbasaur,45,49,49,65,65,45
Ivysaur,Ivysaur,60,62,63,80,80,60
Venusaur,Venusaur,80,82,83,100,100,80
Mega Venusaur,Mega Venusaur,80,100,123,122,120,80
Charmander,Charmander,39,52,43,60,50,65
Charmeleon,Charmeleon,58,64,58,80,65,80
Charizard,Charizard,78,84,78,109,85,100
Mega Charizard X,Mega Charizard X,78,130,111,130,85,100
Mega Charizard Y,Mega Charizard Y,78,104,78,159,115,100
Squirtle,Squirtle,44,48,65,50,64,43
Wartortle,Wartortle,59,63,80,65,80,58
Blastoise,Blastoise,79,83,100,85,105,78
Mega Blastoise,Mega Blastoise,79,103,120,135,115,78
Caterpie,Caterpie,45,30,35,20,20,45
Metapod,Metapod,50,20,55,25,25,30
Butterfree,Butterfree,60,45,50,90,80,70
Weedle,Weedle,40,35,30,20,20,50
Kakuna,Kakuna,45,25,50,25,25,35
Beedrill,Beedrill,65,90,40,45,80,75
Mega Beedrill,Mega Beedrill,65,150,40,15,80,145
Pidgey,Pidgey,40,45,40,35,35,56
Pidgeotto,Pidgeotto,63,60,55,50,50,71
Pidgeot,Pidgeot,83,80,75,70,70,101
Mega Pidgeot,Mega Pidgeot,83,80,80,135,80,121
Rattata,Rattata,30,56,35,25,35,72
Alolan Rattata,Alolan Rattata,30,56,35,25,35,72
Raticate,Raticate,55,81,60,50,70,97
Alolan Raticate,Alolan Raticate,75,71,70,40,80,77
Spearow,Spearow,40,60,30,31,31,70
Fearow,Fearow,65,90,65,61,61,100
Ekans,Ekans,35,60,44,40,54,55
Arbok,Arbok,60,95,69,65,79,80
Pikachu,Pikachu,35,55,40,50,50,90
Partner Pikachu,Partner Pikachu,45,80,50,75,60,120
Raichu,Raichu,60,90,55,90,80,110
Alolan Raichu,Alolan Raichu,60,85,50,95,85,110
Sandshrew,Sandshrew,50,75,85,20,30,40
Alolan Sandshrew,Alolan Sandshrew,50,75,90,10,35,40
Sandslash,Sandslash,75,100,110,45,55,65
Alolan Sandslash,Alolan Sandslash,75,100,120,25,65,65
Nidoran-F,Nidoran-F,55,47,52,40,40,41
Nidorina,Nidorina,70,62,67,55,55,56
Nidoqueen,Nidoqueen,90,92,87,75,85,76
NidoranM,NidoranM,46,57,40,40,40,50
Nidorino,Nidorino,61,72,57,55,55,65
Nidoking,Nidoking,81,102,77,85,75,85
Clefairy,Clefairy,70,45,48,60,65,35
Clefable,Clefable,95,70,73,95,90,60
Vulpix,Vulpix,38,41,40,50,65,65
Alolan Vulpix,Alolan Vulpix,38,41,40,50,65,65
Ninetales,Ninetales,73,76,75,81,100,100
Alolan Ninetales,Alolan Ninetales,73,67,75,81,100,109
Jigglypuff,Jigglypuff,115,45,20,45,25,20
Wigglytuff,Wigglytuff,140,70,45,85,50,45
Zubat,Zubat,40,45,35,30,40,55
Golbat,Golbat,75,80,70,65,75,90
Oddish,Oddish,45,50,55,75,65,30
Gloom,Gloom,60,65,70,85,75,40
Vileplume,Vileplume,75,80,85,110,90,50
Paras,Paras,35,70,55,45,55,25
Parasect,Parasect,60,95,80,60,80,30
Venonat,Venonat,60,55,50,40,55,45
Venomoth,Venomoth,70,65,60,90,75,90
Diglett,Diglett,10,55,25,35,45,95
Alolan Diglett,Alolan Diglett,10,55,30,35,45,90
Dugtrio,Dugtrio,35,100,50,50,70,120
Alolan Dugtrio,Alolan Dugtrio,35,100,60,50,70,110
Meowth,Meowth,40,45,35,40,40,90
Alolan Meowth,Alolan Meowth,40,35,35,50,40,90
Galarian Meowth,Galarian Meowth,50,65,55,40,40,40
Persian,Persian,65,70,60,65,65,115
Alolan Persian,Alolan Persian,65,60,60,75,65,115
Psyduck,Psyduck,50,52,48,65,50,55
Golduck,Golduck,80,82,78,95,80,85
Mankey,Mankey,40,80,35,35,45,70
Primeape,Primeape,65,105,60,60,70,95
Growlithe,Growlithe,55,70,45,70,50,60
Hisuian Growlithe,Hisuian Growlithe,60,75,45,65,50,55
Arcanine,Arcanine,90,110,80,100,80,95
Hisuian Arcanine,Hisuian Arcanine,95,115,80,95,80,90
Poliwag,Poliwag,40,50,40,40,40,90
Poliwhirl,Poliwhirl,65,65,65,50,50,90
Poliwrath,Poliwrath,90,95,95,70,90,70
Abra,Abra,25,20,15,105,55,90
Kadabra,Kadabra,40,35,30,120,70,105
Alakazam,Alakazam,55,50,45,135,95,120
Mega Alakazam,Mega Alakazam,55,50,65,175,105,150
Machop,Machop,70,80,50,35,35,35
Machoke,Machoke,80,100,70,50,60,45
Machamp,Machamp,90,130,80,65,85,55
Bellsprout,Bellsprout,50,75,35,70,30,40
Weepinbell,Weepinbell,65,90,50,85,45,55
Victreebel,Victreebel,80,105,65,100,70,70
Tentacool,Tentacool,40,40,35,50,100,70
Tentacruel,Tentacruel,80,70,65,80,120,100
Geodude,Geodude,40,80,100,30,30,20
Alolan Geodude,Alolan Geodude,40,80,100,30,30,20
Graveler,Graveler,55,95,115,45,45,35
Alolan Graveler,Alolan Graveler,55,95,115,45,45,35
Golem,Golem,80,120,130,55,65,45
Alolan Golem,Alolan Golem,80,120,130,55,65,45
Ponyta,Ponyta,50,85,55,65,65,90
Galarian Ponyta,Galarian Ponyta,50,85,55,65,65,90
Rapidash,Rapidash,65,100,70,80,80,105
Galarian Rapidash,Galarian Rapidash,65,100,70,80,80,105
Slowpoke,Slowpoke,90,65,65,40,40,15
Galarian Slowpoke,Galarian Slowpoke,90,65,65,40,40,15
Slowbro,Slowbro,95,75,110,100,80,30
Mega Slowbro,Mega Slowbro,95,75,180,130,80,30
Galarian Slowbro,Galarian Slowbro,95,100,95,100,70,30
Magnemite,Magnemite,25,35,70,95,55,45
Magneton,Magneton,50,60,95,120,70,70
Farfetch'd,Farfetch'd,52,90,55,58,62,60
Galarian Farfetch'd,Galarian Farfetch'd,52,95,55,58,62,55
Doduo,Doduo,35,85,45,35,35,75
Dodrio,Dodrio,60,110,70,60,60,110
Seel,Seel,65,45,55,45,70,45
Dewgong,Dewgong,90,70,80,70,95,70
Grimer,Grimer,80,80,50,40,50,25
Alolan Grimer,Alolan Grimer,80,80,50,40,50,25
Muk,Muk,105,105,75,65,100,50
Alolan Muk,Alolan Muk,105,105,75,65,100,50
Shellder,Shellder,30,65,100,45,25,40
Cloyster,Cloyster,50,95,180,85,45,70
Gastly,Gastly,30,35,30,100,35,80
Haunter,Haunter,45,50,45,115,55,95
Gengar,Gengar,60,65,60,130,75,110
Mega Gengar,Mega Gengar,60,65,80,170,95,130
Onix,Onix,35,45,160,30,45,70
Drowzee,Drowzee,60,48,45,43,90,42
Hypno,Hypno,85,73,70,73,115,67
Krabby,Krabby,30,105,90,25,25,50
Kingler,Kingler,55,130,115,50,50,75
Voltorb,Voltorb,40,30,50,55,55,100
Hisuian Voltorb,Hisuian Voltorb,40,30,50,55,55,100
Electrode,Electrode,60,50,70,80,80,150
Hisuian Electrode,Hisuian Electrode,60,50,70,80,80,150
Exeggcute,Exeggcute,60,40,80,60,45,40
Exeggutor,Exeggutor,95,95,85,125,75,55
Alolan Exeggutor,Alolan Exeggutor,95,105,85,125,75,45
Cubone,Cubone,50,50,95,40,50,35
Marowak,Marowak,60,80,110,50,80,45
Alolan Marowak,Alolan Marowak,60,80,110,50,80,45
Hitmonlee,Hitmonlee,50,120,53,35,110,87
Hitmonchan,Hitmonchan,50,105,79,35,110,76
Lickitung,Lickitung,90,55,75,60,75,30
Koffing,Koffing,40,65,95,60,45,35
Weezing,Weezing,65,90,120,85,70,60
Galarian Weezing,Galarian Weezing,65,90,120,85,70,60
Rhyhorn,Rhyhorn,80,85,95,30,30,25
Rhydon,Rhydon,105,130,120,45,45,40
Chansey,Chansey,250,5,5,35,105,50
Tangela,Tangela,65,55,115,100,40,60
Kangaskhan,Kangaskhan,105,95,80,40,80,90
Mega Kangaskhan,Mega Kangaskhan,105,125,100,60,100,100
Horsea,Horsea,30,40,70,70,25,60
Seadra,Seadra,55,65,95,95,45,85
Goldeen,Goldeen,45,67,60,35,50,63
Seaking,Seaking,80,92,65,65,80,68
Staryu,Staryu,30,45,55,70,55,85
Starmie,Starmie,60,75,85,100,85,115
Mr Mime,Mr Mime,40,45,65,100,120,90
Galarian Mr Mime,Galarian Mr Mime,50,65,65,90,90,100
Scyther,Scyther,70,110,80,55,80,105
Jynx,Jynx,65,50,35,115,95,95
Electabuzz,Electabuzz,65,83,57,95,85,105
Magmar,Magmar,65,95,57,100,85,93
Pinsir,Pinsir,65,125,100,55,70,85
Mega Pinsir,Mega Pinsir,65,155,120,65,90,105
Tauros,Tauros,75,100,95,40,70,110
Paldean Tauros Combat,Paldean Tauros Combat,75,110,105,30,70,100
Paldean Tauros Blaze,Paldean Tauros Blaze,75,110,105,30,70,100
Paldean Tauros Aqua,Paldean Tauros Aqua,75,110,105,30,70,100
Magikarp,Magikarp,20,10,55,15,20,80
Gyarados,Gyarados,95,125,79,60,100,81
Mega Gyarados,Mega Gyarados,95,155,109,70,130,81
Lapras,Lapras,130,85,80,85,95,60
Ditto,Ditto,48,48,48,48,48,48
Eevee,Eevee,55,55,50,45,65,55
Partner Eevee,Partner Eevee,65,75,70,65,85,75
Vaporeon,Vaporeon,130,65,60,110,95,65
Jolteon,Jolteon,65,65,60,110,95,130
Flareon,Flareon,65,130,60,95,110,65
Porygon,Porygon,65,60,70,85,75,40
Omanyte,Omanyte,35,40,100,90,55,35
Omastar,Omastar,70,60,125,115,70,55
Kabuto,Kabuto,30,80,90,55,45,55
Kabutops,Kabutops,60,115,105,65,70,80
Aerodactyl,Aerodactyl,80,105,65,60,75,130
Mega Aerodactyl,Mega Aerodactyl,80,135,85,70,95,150
Snorlax,Snorlax,160,110,65,65,110,30
Articuno,Articuno,90,85,100,95,125,85
Galarian Articuno,Galarian Articuno,90,85,85,125,100,95
Zapdos,Zapdos,90,90,85,125,90,100
Galarian Zapdos,Galarian Zapdos,90,125,90,85,90,100
Moltres,Moltres,90,100,90,125,85,90
Galarian Moltres,Galarian Moltres,90,85,90,100,125,90
Dratini,Dratini,41,64,45,50,50,50
Dragonair,Dragonair,61,84,65,70,70,70
Dragonite,Dragonite,91,134,95,100,100,80
Mewtwo,Mewtwo,106,110,90,154,90,130
Mega Mewtwo X,Mega Mewtwo X,106,190,100,154,100,130
Mega Mewtwo Y,Mega Mewtwo Y,106,150,70,194,120,140
Mew,Mew,100,100,100,100,100,100
Chikorita,Chikorita,45,49,65,49,65,45
Bayleef,Bayleef,60,62,80,63,80,60
Meganium,Meganium,80,82,100,83,100,80
Cyndaquil,Cyndaquil,39,52,43,60,50,65
Quilava,Quilava,58,64,58,80,65,80
Typhlosion,Typhlosion,78,84,78,109,85,100
Hisuian Typhlosion,Hisuian Typhlosion,73,84,78,119,85,95
Totodile,Totodile,50,65,64,44,48,43
Croconaw,Croconaw,65,80,80,59,63,58
Feraligatr,Feraligatr,85,105,100,79,83,78
Sentret,Sentret,35,46,34,35,45,20
Furret,Furret,85,76,64,45,55,90
Hoothoot,Hoothoot,60,30,30,36,56,50
Noctowl,Noctowl,100,50,50,86,96,70
Ledyba,Ledyba,40,20,30,40,80,55
Ledian,Ledian,55,35,50,55,110,85
Spinarak,Spinarak,40,60,40,40,40,30
Ariados,Ariados,70,90,70,60,70,40
Crobat,Crobat,85,90,80,70,80,130
Chinchou,Chinchou,75,38,38,56,56,67
Lanturn,Lanturn,125,58,58,76,76,67
Pichu,Pichu,20,40,15,35,35,60
Cleffa,Cleffa,50,25,28,45,55,15
Igglybuff,Igglybuff,90,30,15,40,20,15
Togepi,Togepi,35,20,65,40,65,20
Togetic,Togetic,55,40,85,80,105,40
Natu,Natu,40,50,45,70,45,70
Xatu,Xatu,65,75,70,95,70,95
Mareep,Mareep,55,40,40,65,45,35
Flaaffy,Flaaffy,70,55,55,80,60,45
Ampharos,Ampharos,90,75,85,115,90,55
Mega Ampharos,Mega Ampharos,90,95,105,165,110,45
Bellossom,Bellossom,75,80,95,90,100,50
Marill,Marill,70,20,50,20,50,40
Azumarill,Azumarill,100,50,80,60,80,50
Sudowoodo,Sudowoodo,70,100,115,30,65,30
Politoed,Politoed,90,75,75,90,100,70
Hoppip,Hoppip,35,35,40,35,55,50
Skiploom,Skiploom,55,45,50,45,65,80
Jumpluff,Jumpluff,75,55,70,55,95,110
Aipom,Aipom,55,70,55,40,55,85
Sunkern,Sunkern,30,30,30,30,30,30
Sunflora,Sunflora,75,75,55,105,85,30
Yanma,Yanma,65,65,45,75,45,95
Wooper,Wooper,55,45,45,25,25,15
Paldean Wooper,Paldean Wooper,55,45,45,25,25,15
Quagsire,Quagsire,95,85,85,65,65,35
Espeon,Espeon,65,65,60,130,95,110
Umbreon,Umbreon,95,65,110,60,130,65
Murkrow,Murkrow,60,85,42,85,42,91
Slowking,Slowking,95,75,80,100,110,30
Galarian Slowking,Galarian Slowking,95,65,80,110,110,30
Misdreavus,Misdreavus,60,60,60,85,85,85
Unown,Unown,48,72,48,72,48,48
Wobbuffet,Wobbuffet,190,33,58,33,58,33
Girafarig,Girafarig,70,80,65,90,65,85
Pineco,Pineco,50,65,90,35,35,15
Forretress,Forretress,75,90,140,60,60,40
Dunsparce,Dunsparce,100,70,70,65,65,45
Gligar,Gligar,65,75,105,35,65,85
Steelix,Steelix,75,85,200,55,65,30
Mega Steelix,Mega Steelix,75,125,230,55,95,30
Snubbull,Snubbull,60,80,50,40,40,30
Granbull,Granbull,90,120,75,60,60,45
Qwilfish,Qwilfish,65,95,85,55,55,85
Hisuian Qwilfish,Hisuian Qwilfish,65,95,85,55,55,85
Scizor,Scizor,70,130,100,55,80,65
Mega Scizor,Mega Scizor,70,150,140,65,100,75
Shuckle,Shuckle,20,10,230,10,230,5
Heracross,Heracross,80,125,75,40,95,85
Mega Heracross,Mega Heracross,80,185,115,40,105,75
Sneasel,Sneasel,55,95,55,35,75,115
Hisuian Sneasel,Hisuian Sneasel,55,95,55,35,75,115
Teddiursa,Teddiursa,60,80,50,50,50,40
Ursaring,Ursaring,90,130,75,75,75,55
Slugma,Slugma,40,40,40,70,40,20
Magcargo,Magcargo,60,50,120,90,80,30
Swinub,Swinub,50,50,40,30,30,50
Piloswine,Piloswine,100,100,80,60,60,50
Corsola,Corsola,65,55,95,65,95,35
Galarian Corsola,Galarian Corsola,60,55,100,65,100,30
Remoraid,Remoraid,35,65,35,65,35,65
Octillery,Octillery,75,105,75,105,75,45
Delibird,Delibird,45,55,45,65,45,75
Mantine,Mantine,85,40,70,80,140,70
Skarmory,Skarmory,65,80,140,40,70,70
Houndour,Houndour,45,60,30,80,50,65
Houndoom,Houndoom,75,90,50,110,80,95
Mega Houndoom,Mega Houndoom,75,90,90,140,90,115
Kingdra,Kingdra,75,95,95,95,95,85
Phanpy,Phanpy,90,60,60,40,40,40
Donphan,Donphan,90,120,120,60,60,50
Porygon2,Porygon2,85,80,90,105,95,60
Stantler,Stantler,73,95,62,85,65,85
Smeargle,Smeargle,55,20,35,20,45,75
Tyrogue,Tyrogue,35,35,35,35,35,35
Hitmontop,Hitmontop,50,95,95,35,110,70
Smoochum,Smoochum,45,30,15,85,65,65
Elekid,Elekid,45,63,37,65,55,95
Magby,Magby,45,75,37,70,55,83
Miltank,Miltank,95,80,105,40,70,100
Blissey,Blissey,255,10,10,75,135,55
Raikou,Raikou,90,85,75,115,100,115
Entei,Entei,115,115,85,90,75,100
Suicune,Suicune,100,75,115,90,115,85
Larvitar,Larvitar,50,64,50,45,50,41
Pupitar,Pupitar,70,84,70,65,70,51
Tyranitar,Tyranitar,100,134,110,95,100,61
Mega Tyranitar,Mega Tyranitar,100,164,150,95,120,71
Lugia,Lugia,106,90,130,90,154,110
Ho-Oh,Ho-Oh,106,130,90,110,154,90
Celebi,Celebi,100,100,100,100,100,100
Treecko,Treecko,40,45,35,65,55,70
Grovyle,Grovyle,50,65,45,85,65,95
Sceptile,Sceptile,70,85,65,105,85,120
Mega Sceptile,Mega Sceptile,70,110,75,145,85,145
Torchic,Torchic,45,60,40,70,50,45
Combusken,Combusken,60,85,60,85,60,55
Blaziken,Blaziken,80,120,70,110,70,80
Mega Blaziken,Mega Blaziken,80,160,80,130,80,100
Mudkip,Mudkip,50,70,50,50,50,40
Marshtomp,Marshtomp,70,85,70,60,70,50
Swampert,Swampert,100,110,90,85,90,60
Mega Swampert,Mega Swampert,100,150,110,95,110,70
Poochyena,Poochyena,35,55,35,30,30,35
Mightyena,Mightyena,70,90,70,60,60,70
Zigzagoon,Zigzagoon,38,30,41,30,41,60
Galarian Zigzagoon,Galarian Zigzagoon,38,30,41,30,41,60
Linoone,Linoone,78,70,61,50,61,100
Galarian Linoone,Galarian Linoone,78,70,61,50,61,100
Wurmple,Wurmple,45,45,35,20,30,20
Silcoon,Silcoon,50,35,55,25,25,15
Beautifly,Beautifly,60,70,50,100,50,65
Cascoon,Cascoon,50,35,55,25,25,15
Dustox,Dustox,60,50,70,50,90,65
Lotad,Lotad,40,30,30,40,50,30
Lombre,Lombre,60,50,50,60,70,50
Ludicolo,Ludicolo,80,70,70,90,100,70
Seedot,Seedot,40,40,50,30,30,30
Nuzleaf,Nuzleaf,70,70,40,60,40,60
Shiftry,Shiftry,90,100,60,90,60,80
Taillow,Taillow,40,55,30,30,30,85
Swellow,Swellow,60,85,60,75,50,125
Wingull,Wingull,40,30,30,55,30,85
Pelipper,Pelipper,60,50,100,95,70,65
Ralts,Ralts,28,25,25,45,35,40
Kirlia,Kirlia,38,35,35,65,55,50
Gardevoir,Gardevoir,68,65,65,125,115,80
Mega Gardevoir,Mega Gardevoir,68,85,65,165,135,100
Surskit,Surskit,40,30,32,50,52,65
Masquerain,Masquerain,70,60,62,100,82,80
Shroomish,Shroomish,60,40,60,40,60,35
Breloom,Breloom,60,130,80,60,60,70
Slakoth,Slakoth,60,60,60,35,35,30
Vigoroth,Vigoroth,80,80,80,55,55,90
Slaking,Slaking,150,160,100,95,65,100
Nincada,Nincada,31,45,90,30,30,40
Ninjask,Ninjask,61,90,45,50,50,160
Shedinja,Shedinja,1,90,45,30,30,40
Whismur,Whismur,64,51,23,51,23,28
Loudred,Loudred,84,71,43,71,43,48
Exploud,Exploud,104,91,63,91,73,68
Makuhita,Makuhita,72,60,30,20,30,25
Hariyama,Hariyama,144,120,60,40,60,50
Azurill,Azurill,50,20,40,20,40,20
Nosepass,Nosepass,30,45,135,45,90,30
Skitty,Skitty,50,45,45,35,35,50
Delcatty,Delcatty,70,65,65,55,55,90
Sableye,Sableye,50,75,75,65,65,50
Mega Sableye,Mega Sableye,50,85,125,85,115,20
Mawile,Mawile,50,85,85,55,55,50
Mega Mawile,Mega Mawile,50,105,125,55,95,50
Aron,Aron,50,70,100,40,40,30
Lairon,Lairon,60,90,140,50,50,40
Aggron,Aggron,70,110,180,60,60,50
Mega Aggron,Mega Aggron,70,140,230,60,80,50
Meditite,Meditite,30,40,55,40,55,60
Medicham,Medicham,60,60,75,60,75,80
Mega Medicham,Mega Medicham,60,100,85,80,85,100
Electrike,Electrike,40,45,40,65,40,65
Manectric,Manectric,70,75,60,105,60,105
Mega Manectric,Mega Manectric,70,75,80,135,80,135
Plusle,Plusle,60,50,40,85,75,95
Minun,Minun,60,40,50,75,85,95
Volbeat,Volbeat,65,73,75,47,85,85
Illumise,Illumise,65,47,75,73,85,85
Roselia,Roselia,50,60,45,100,80,65
Gulpin,Gulpin,70,43,53,43,53,40
Swalot,Swalot,100,73,83,73,83,55
Carvanha,Carvanha,45,90,20,65,20,65
Sharpedo,Sharpedo,70,120,40,95,40,95
Mega Sharpedo,Mega Sharpedo,70,140,70,110,65,105
Wailmer,Wailmer,130,70,35,70,35,60
Wailord,Wailord,170,90,45,90,45,60
Numel,Numel,60,60,40,65,45,35
Camerupt,Camerupt,70,100,70,105,75,40
Mega Camerupt,Mega Camerupt,70,120,100,145,105,20
Torkoal,Torkoal,70,85,140,85,70,20
Spoink,Spoink,60,25,35,70,80,60
Grumpig,Grumpig,80,45,65,90,110,80
Spinda,Spinda,60,60,60,60,60,60
Trapinch,Trapinch,45,100,45,45,45,10
Vibrava,Vibrava,50,70,50,50,50,70
Flygon,Flygon,80,100,80,80,80,100
Cacnea,Cacnea,50,85,40,85,40,35
Cacturne,Cacturne,70,115,60,115,60,55
Swablu,Swablu,45,40,60,40,75,50
Altaria,Altaria,75,70,90,70,105,80
Mega Altaria,Mega Altaria,75,110,110,110,105,80
Zangoose,Zangoose,73,115,60,60,60,90
Seviper,Seviper,73,100,60,100,60,65
Lunatone,Lunatone,90,55,65,95,85,70
Solrock,Solrock,90,95,85,55,65,70
Barboach,Barboach,50,48,43,46,41,60
Whiscash,Whiscash,110,78,73,76,71,60
Corphish,Corphish,43,80,65,50,35,35
Crawdaunt,Crawdaunt,63,120,85,90,55,55
Baltoy,Baltoy,40,40,55,40,70,55
Claydol,Claydol,60,70,105,70,120,75
Lileep,Lileep,66,41,77,61,87,23
Cradily,Cradily,86,81,97,81,107,43
Anorith,Anorith,45,95,50,40,50,75
Armaldo,Armaldo,75,125,100,70,80,45
Feebas,Feebas,20,15,20,10,55,80
Milotic,Milotic,95,60,79,100,125,81
Castform,Castform,70,70,70,70,70,70
Kecleon,Kecleon,60,90,70,60,120,40
Shuppet,Shuppet,44,75,35,63,33,45
Banette,Banette,64,115,65,83,63,65
Mega Banette,Mega Banette,64,165,75,93,83,75
Duskull,Duskull,20,40,90,30,90,25
Dusclops,Dusclops,40,70,130,60,130,25
Tropius,Tropius,99,68,83,72,87,51
Chimecho,Chimecho,75,50,80,95,90,65
Absol,Absol,65,130,60,75,60,75
Mega Absol,Mega Absol,65,150,60,115,60,115
Wynaut,Wynaut,95,23,48,23,48,23
Snorunt,Snorunt,50,50,50,50,50,50
Glalie,Glalie,80,80,80,80,80,80
Mega Glalie,Mega Glalie,80,120,80,120,80,100
Spheal,Spheal,70,40,50,55,50,25
Sealeo,Sealeo,90,60,70,75,70,45
Walrein,Walrein,110,80,90,95,90,65
Clamperl,Clamperl,35,64,85,74,55,32
Huntail,Huntail,55,104,105,94,75,52
Gorebyss,Gorebyss,55,84,105,114,75,52
Relicanth,Relicanth,100,90,130,45,65,55
Luvdisc,Luvdisc,43,30,55,40,65,97
Bagon,Bagon,45,75,60,40,30,50
Shelgon,Shelgon,65,95,100,60,50,50
Salamence,Salamence,95,135,80,110,80,100
Mega Salamence,Mega Salamence,95,145,130,120,90,120
Beldum,Beldum,40,55,80,35,60,30
Metang,Metang,60,75,100,55,80,50
Metagross,Metagross,80,135,130,95,90,70
Mega Metagross,Mega Metagross,80,145,150,105,110,110
Regirock,Regirock,80,100,200,50,100,50
Regice,Regice,80,50,100,100,200,50
Registeel,Registeel,80,75,150,75,150,50
Latias,Latias,80,80,90,110,130,110
Mega Latias,Mega Latias,80,100,120,140,150,110
Latios,Latios,80,90,80,130,110,110
Mega Latios,Mega Latios,80,130,100,160,120,110
Kyogre,Kyogre,100,100,90,150,140,90
Primal Kyogre,Primal Kyogre,100,150,90,180,160,90
Groudon,Groudon,100,150,140,100,90,90
Primal Groudon,Primal Groudon,100,180,160,150,90,90
Rayquaza,Rayquaza,105,150,90,150,90,95
Mega Rayquaza,Mega Rayquaza,105,180,100,180,100,115
Jirachi,Jirachi,100,100,100,100,100,100
Deoxys,Deoxys,50,150,50,150,50,150
Deoxys-Attack,Deoxys-Attack,50,180,20,180,20,150
Deoxys-Defense,Deoxys-Defense,50,70,160,70,160,90
Deoxys-Speed,Deoxys-Speed,50,95,90,95,90,180
Turtwig,Turtwig,55,68,64,45,55,31
Grotle,Grotle,75,89,85,55,65,36
Torterra,Torterra,95,109,105,75,85,56
Chimchar,Chimchar,44,58,44,58,44,61
Monferno,Monferno,64,78,52,78,52,81
Infernape,Infernape,76,104,71,104,71,108
Piplup,Piplup,53,51,53,61,56,40
Prinplup,Prinplup,64,66,68,81,76,50
Empoleon,Empoleon,84,86,88,111,101,60
Starly,Starly,40,55,30,30,30,60
Staravia,Staravia,55,75,50,40,40,80
Staraptor,Staraptor,85,120,70,50,60,100
Bidoof,Bidoof,59,45,40,35,40,31
Bibarel,Bibarel,79,85,60,55,60,71
Kricketot,Kricketot,37,25,41,25,41,25
Kricketune,Kricketune,77,85,51,55,51,65
Shinx,Shinx,45,65,34,40,34,45
Luxio,Luxio,60,85,49,60,49,60
Luxray,Luxray,80,120,79,95,79,70
Budew,Budew,40,30,35,50,70,55
Roserade,Roserade,60,70,65,125,105,90
Cranidos,Cranidos,67,125,40,30,30,58
Rampardos,Rampardos,97,165,60,65,50,58
Shieldon,Shieldon,30,42,118,42,88,30
Bastiodon,Bastiodon,60,52,168,47,138,30
Burmy,Burmy,40,29,45,29,45,36
Wormadam-Plant,Wormadam-Plant,60,59,85,79,105,36
Wormadam-Sandy,Wormadam-Sandy,60,79,105,59,85,36
Wormadam-Trash,Wormadam-Trash,60,69,95,69,95,36
Mothim,Mothim,70,94,50,94,50,66
Combee,Combee,30,30,42,30,42,70
Vespiquen,Vespiquen,70,80,102,80,102,40
Pachirisu,Pachirisu,60,45,70,45,90,95
Buizel,Buizel,55,65,35,60,30,85
Floatzel,Floatzel,85,105,55,85,50,115
Cherubi,Cherubi,45,35,45,62,53,35
Cherrim,Cherrim,70,60,70,87,78,85
Shellos,Shellos,76,48,48,57,62,34
Gastrodon,Gastrodon,111,83,68,92,82,39
Ambipom,Ambipom,75,100,66,60,66,115
Drifloon,Drifloon,90,50,34,60,44,70
Drifblim,Drifblim,150,80,44,90,54,80
Buneary,Buneary,55,66,44,44,56,85
Lopunny,Lopunny,65,76,84,54,96,105
Mega Lopunny,Mega Lopunny,65,136,94,54,96,135
Mismagius,Mismagius,60,60,60,105,105,105
Honchkrow,Honchkrow,100,125,52,105,52,71
Glameow,Glameow,49,55,42,42,37,85
Purugly,Purugly,71,82,64,64,59,112
Chingling,Chingling,45,30,50,65,50,45
Stunky,Stunky,63,63,47,41,41,74
Skuntank,Skuntank,103,93,67,71,61,84
Bronzor,Bronzor,57,24,86,24,86,23
Bronzong,Bronzong,67,89,116,79,116,33
Bonsly,Bonsly,50,80,95,10,45,10
Mime Jr.,Mime Jr.,20,25,45,70,90,60
Happiny,Happiny,100,5,5,15,65,30
Chatot,Chatot,76,65,45,92,42,91
Spiritomb,Spiritomb,50,92,108,92,108,35
Gible,Gible,58,70,45,40,45,42
Gabite,Gabite,68,90,65,50,55,82
Garchomp,Garchomp,108,130,95,80,85,102
Mega Garchomp,Mega Garchomp,108,170,115,120,95,92
Munchlax,Munchlax,135,85,40,40,85,5
Riolu,Riolu,40,70,40,35,40,60
Lucario,Lucario,70,110,70,115,70,90
Mega Lucario,Mega Lucario,70,145,88,140,70,112
Hippopotas,Hippopotas,68,72,78,38,42,32
Hippowdon,Hippowdon,108,112,118,68,72,47
Skorupi,Skorupi,40,50,90,30,55,65
Drapion,Drapion,70,90,110,60,75,95
Croagunk,Croagunk,48,61,40,61,40,50
Toxicroak,Toxicroak,83,106,65,86,65,85
Carnivine,Carnivine,74,100,72,90,72,46
Finneon,Finneon,49,49,56,49,61,66
Lumineon,Lumineon,69,69,76,69,86,91
Mantyke,Mantyke,45,20,50,60,120,50
Snover,Snover,60,62,50,62,60,40
Abomasnow,Abomasnow,90,92,75,92,85,60
Mega Abomasnow,Mega Abomasnow,90,132,105,132,105,30
Weavile,Weavile,70,120,65,45,85,125
Magnezone,Magnezone,70,70,115,130,90,60
Lickilicky,Lickilicky,110,85,95,80,95,50
Rhyperior,Rhyperior,115,140,130,55,55,40
Tangrowth,Tangrowth,100,100,125,110,50,50
Electivire,Electivire,75,123,67,95,85,95
Magmortar,Magmortar,75,95,67,125,95,83
Togekiss,Togekiss,85,50,95,120,115,80
Yanmega,Yanmega,86,76,86,116,56,95
Leafeon,Leafeon,65,110,130,60,65,95
Glaceon,Glaceon,65,60,110,130,95,65
Gliscor,Gliscor,75,95,125,45,75,95
Mamoswine,Mamoswine,110,130,80,70,60,80
Porygon-Z,Porygon-Z,85,80,70,135,75,90
Gallade,Gallade,68,125,65,65,115,80
Mega Gallade,Mega Gallade,68,165,95,65,115,110
Probopass,Probopass,60,55,145,75,150,40
Dusknoir,Dusknoir,45,100,135,65,135,45
Froslass,Froslass,70,80,70,80,70,110
Rotom,Rotom,50,50,77,95,77,91
Rotom-Heat,Rotom-Heat,50,65,107,105,107,86
Rotom-Wash,Rotom-Wash,50,65,107,105,107,86
Rotom-Frost,Rotom-Frost,50,65,107,105,107,86
Rotom-Fan,Rotom-Fan,50,65,107,105,107,86
Rotom-Mow,Rotom-Mow,50,65,107,105,107,86
Uxie,Uxie,75,75,130,75,130,95
Mesprit,Mesprit,80,105,105,105,105,80
Azelf,Azelf,75,125,70,125,70,115
Dialga,Dialga,100,120,120,150,100,90
Dialga-Origin,Dialga-Origin,100,100,120,150,120,90
Palkia,Palkia,90,120,100,150,120,100
Palkia-Origin,Palkia-Origin,90,100,100,150,120,120
Heatran,Heatran,91,90,106,130,106,77
Regigigas,Regigigas,110,160,110,80,110,100
Giratina,Giratina,150,100,120,100,120,90
Giratina-Origin,Giratina-Origin,150,120,100,120,100,90
Cresselia,Cresselia,120,70,110,75,120,85
Phione,Phione,80,80,80,80,80,80
Manaphy,Manaphy,100,100,100,100,100,100
Darkrai,Darkrai,70,90,90,135,90,125
Shaymin,Shaymin,100,100,100,100,100,100
Shaymin-Sky,Shaymin-Sky,100,103,75,120,75,127
Arceus,Arceus,120,120,120,120,120,120
Victini,Victini,100,100,100,100,100,100
Snivy,Snivy,45,45,55,45,55,63
Servine,Servine,60,60,75,60,75,83
Serperior,Serperior,75,75,95,75,95,113
Tepig,Tepig,65,63,45,45,45,45
Pignite,Pignite,90,93,55,70,55,55
Emboar,Emboar,110,123,65,100,65,65
Oshawott,Oshawott,55,55,45,63,45,45
Dewott,Dewott,75,75,60,83,60,60
Samurott,Samurott,95,100,85,108,70,70
Hisuian Samurott,Hisuian Samurott,90,108,80,100,65,85
Patrat,Patrat,45,55,39,35,39,42
Watchog,Watchog,60,85,69,60,69,77
Lillipup,Lillipup,45,60,45,25,45,55
Herdier,Herdier,65,80,65,35,65,60
Stoutland,Stoutland,85,110,90,45,90,80
Purrloin,Purrloin,41,50,37,50,37,66
Liepard,Liepard,64,88,50,88,50,106
Pansage,Pansage,50,53,48,53,48,64
Simisage,Simisage,75,98,63,98,63,101
Pansear,Pansear,50,53,48,53,48,64
Simisear,Simisear,75,98,63,98,63,101
Panpour,Panpour,50,53,48,53,48,64
Simipour,Simipour,75,98,63,98,63,101
Munna,Munna,76,25,45,67,55,24
Musharna,Musharna,116,55,85,107,95,29
Pidove,Pidove,50,55,50,36,30,43
Tranquill,Tranquill,62,77,62,50,42,65
Unfezant,Unfezant,80,115,80,65,55,93
Blitzle,Blitzle,45,60,32,50,32,76
Zebstrika,Zebstrika,75,100,63,80,63,116
Roggenrola,Roggenrola,55,75,85,25,25,15
Boldore,Boldore,70,105,105,50,40,20
Gigalith,Gigalith,85,135,130,60,80,25
Woobat,Woobat,65,45,43,55,43,72
Swoobat,Swoobat,67,57,55,77,55,114
Drilbur,Drilbur,60,85,40,30,45,68
Excadrill,Excadrill,110,135,60,50,65,88
Audino,Audino,103,60,86,60,86,50
Mega Audino,Mega Audino,103,60,126,80,126,50
Timburr,Timburr,75,80,55,25,35,35
Gurdurr,Gurdurr,85,105,85,40,50,40
Conkeldurr,Conkeldurr,105,140,95,55,65,45
Tympole,Tympole,50,50,40,50,40,64
Palpitoad,Palpitoad,75,65,55,65,55,69
Seismitoad,Seismitoad,105,95,75,85,75,74
Throh,Throh,120,100,85,30,85,45
Sawk,Sawk,75,125,75,30,75,85
Sewaddle,Sewaddle,45,53,70,40,60,42
Swadloon,Swadloon,55,63,90,50,80,42
Leavanny,Leavanny,75,103,80,70,80,92
Venipede,Venipede,30,45,59,30,39,57
Whirlipede,Whirlipede,40,55,99,40,79,47
Scolipede,Scolipede,60,100,89,55,69,112
Cottonee,Cottonee,40,27,60,37,50,66
Whimsicott,Whimsicott,60,67,85,77,75,116
Petilil,Petilil,45,35,50,70,50,30
Lilligant,Lilligant,70,60,75,110,75,90
Hisuian Lilligant,Hisuian Lilligant,70,105,75,50,75,105
Basculin,Basculin,70,92,65,80,55,98
Sandile,Sandile,50,72,35,35,35,65
Krokorok,Krokorok,60,82,45,45,45,74
Krookodile,Krookodile,95,117,80,65,70,92
Darumaka,Darumaka,70,90,45,15,45,50
Galarian Darumaka,Galarian Darumaka,70,90,45,15,45,50
Darmanitan,Darmanitan,105,140,55,30,55,95
Darmanitan Zen Mode,Darmanitan Zen Mode,105,30,105,140,105,55
 Galarian Darmanitan, Galarian Darmanitan,105,140,55,30,55,95
 Galarian Darmanitan Zen Mode, Galarian Darmanitan Zen Mode,105,160,55,30,55,135
Maractus,Maractus,75,86,67,106,67,60
Dwebble,Dwebble,50,65,85,35,35,55
Crustle,Crustle,70,105,125,65,75,45
Scraggy,Scraggy,50,75,70,35,70,48
Scrafty,Scrafty,65,90,115,45,115,58
Sigilyph,Sigilyph,72,58,80,103,80,97
Yamask,Yamask,38,30,85,55,65,30
Galarian Yamask,Galarian Yamask,38,55,85,30,65,30
Cofagrigus,Cofagrigus,58,50,145,95,105,30
Tirtouga,Tirtouga,54,78,103,53,45,22
Carracosta,Carracosta,74,108,133,83,65,32
Archen,Archen,55,112,45,74,45,70
Archeops,Archeops,75,140,65,112,65,110
Trubbish,Trubbish,50,50,62,40,62,65
Garbodor,Garbodor,80,95,82,60,82,75
Zorua,Zorua,40,65,40,80,40,65
Hisuian Zorua,Hisuian Zorua,35,60,40,85,40,70
Zoroark,Zoroark,60,105,60,120,60,105
Hisuian Zoroark,Hisuian Zoroark,55,100,60,125,60,110
Minccino,Minccino,55,50,40,40,40,75
Cinccino,Cinccino,75,95,60,65,60,115
Gothita,Gothita,45,30,50,55,65,45
Gothorita,Gothorita,60,45,70,75,85,55
Gothitelle,Gothitelle,70,55,95,95,110,65
Solosis,Solosis,45,30,40,105,50,20
Duosion,Duosion,65,40,50,125,60,30
Reuniclus,Reuniclus,110,65,75,125,85,30
Ducklett,Ducklett,62,44,50,44,50,55
Swanna,Swanna,75,87,63,87,63,98
Vanillite,Vanillite,36,50,50,65,60,44
Vanillish,Vanillish,51,65,65,80,75,59
Vanilluxe,Vanilluxe,71,95,85,110,95,79
Deerling,Deerling,60,60,50,40,50,75
Sawsbuck,Sawsbuck,80,100,70,60,70,95
Emolga,Emolga,55,75,60,75,60,103
Karrablast,Karrablast,50,75,45,40,45,60
Escavalier,Escavalier,70,135,105,60,105,20
Foongus,Foongus,69,55,45,55,55,15
Amoonguss,Amoonguss,114,85,70,85,80,30
Frillish,Frillish,55,40,50,65,85,40
Jellicent,Jellicent,100,60,70,85,105,60
Alomomola,Alomomola,165,75,80,40,45,65
Joltik,Joltik,50,47,50,57,50,65
Galvantula,Galvantula,70,77,60,97,60,108
Ferroseed,Ferroseed,44,50,91,24,86,10
Ferrothorn,Ferrothorn,74,94,131,54,116,20
Klink,Klink,40,55,70,45,60,30
Klang,Klang,60,80,95,70,85,50
Klinklang,Klinklang,60,100,115,70,85,90
Tynamo,Tynamo,35,55,40,45,40,60
Eelektrik,Eelektrik,65,85,70,75,70,40
Eelektross,Eelektross,85,115,80,105,80,50
Elgyem,Elgyem,55,55,55,85,55,30
Beheeyem,Beheeyem,75,75,75,125,95,40
Litwick,Litwick,50,30,55,65,55,20
Lampent,Lampent,60,40,60,95,60,55
Chandelure,Chandelure,60,55,90,145,90,80
Axew,Axew,46,87,60,30,40,57
Fraxure,Fraxure,66,117,70,40,50,67
Haxorus,Haxorus,76,147,90,60,70,97
Cubchoo,Cubchoo,55,70,40,60,40,40
Beartic,Beartic,95,130,80,70,80,50
Cryogonal,Cryogonal,80,50,50,95,135,105
Shelmet,Shelmet,50,40,85,40,65,25
Accelgor,Accelgor,80,70,40,100,60,145
Stunfisk,Stunfisk,109,66,84,81,99,32
Galarian Stunfisk,Galarian Stunfisk,109,81,99,66,84,32
Mienfoo,Mienfoo,45,85,50,55,50,65
Mienshao,Mienshao,65,125,60,95,60,105
Druddigon,Druddigon,77,120,90,60,90,48
Golett,Golett,59,74,50,35,50,35
Golurk,Golurk,89,124,80,55,80,55
Pawniard,Pawniard,45,85,70,40,40,60
Bisharp,Bisharp,65,125,100,60,70,70
Bouffalant,Bouffalant,95,110,95,40,95,55
Rufflet,Rufflet,70,83,50,37,50,60
Braviary,Braviary,100,123,75,57,75,80
Hisuian Braviary,Hisuian Braviary,110,83,70,112,70,65
Vullaby,Vullaby,70,55,75,45,65,60
Mandibuzz,Mandibuzz,110,65,105,55,95,80
Heatmor,Heatmor,85,97,66,105,66,65
Durant,Durant,58,109,112,48,48,109
Deino,Deino,52,65,50,45,50,38
Zweilous,Zweilous,72,85,70,65,70,58
Hydreigon,Hydreigon,92,105,90,125,90,98
Larvesta,Larvesta,55,85,55,50,55,60
Volcarona,Volcarona,85,60,65,135,105,100
Cobalion,Cobalion,91,90,129,90,72,108
Terrakion,Terrakion,91,129,90,72,90,108
Virizion,Virizion,91,90,72,90,129,108
Tornadus,Tornadus,79,115,70,125,80,111
Tornadus-T,Tornadus-T,79,100,80,110,90,121
Thundurus,Thundurus,79,115,70,125,80,111
Thundurus-T,Thundurus-T,79,105,70,145,80,101
Reshiram,Reshiram,100,120,100,150,120,90
Zekrom,Zekrom,100,150,120,120,100,90
Landorus,Landorus,89,125,90,115,80,101
Landorus-T,Landorus-T,89,145,90,105,80,91
Kyurem,Kyurem,125,130,90,130,90,95
Kyurem-Black,Kyurem-Black,125,170,100,120,90,95
Kyurem-White,Kyurem-White,125,120,90,170,100,95
Keldeo,Keldeo,91,72,90,129,90,108
Meloetta-Aria,Meloetta-Aria,100,77,77,128,128,90
Meloetta-Pirouette,Meloetta-Pirouette,100,128,90,77,77,128
Genesect,Genesect,71,120,95,120,95,99
Chespin,Chespin,56,61,65,48,45,38
Quilladin,Quilladin,61,78,95,56,58,57
Chesnaught,Chesnaught,88,107,122,74,75,64
Fennekin,Fennekin,40,45,40,62,60,60
Braixen,Braixen,59,59,58,90,70,73
Delphox,Delphox,75,69,72,114,100,104
Froakie,Froakie,41,56,40,62,44,71
Frogadier,Frogadier,54,63,52,83,56,97
Greninja,Greninja,72,95,67,103,71,122
Ash-Greninja,Ash-Greninja,72,145,67,153,71,132
Bunnelby,Bunnelby,38,36,38,32,36,57
Diggersby,Diggersby,85,56,77,50,77,78
Fletchling,Fletchling,45,50,43,40,38,62
Fletchinder,Fletchinder,62,73,55,56,52,84
Talonflame,Talonflame,78,81,71,74,69,126
Scatterbug,Scatterbug,38,35,40,27,25,35
Spewpa,Spewpa,45,22,60,27,30,29
Vivillon,Vivillon,80,52,50,90,50,89
Litleo,Litleo,62,50,58,73,54,72
Pyroar,Pyroar,86,68,72,109,66,106
Flabébé,Flabébé,44,38,39,61,79,42
Floette,Floette,54,45,47,75,98,52
Florges,Florges,78,65,68,112,154,75
Skiddo,Skiddo,66,65,48,62,57,52
Gogoat,Gogoat,123,100,62,97,81,68
Pancham,Pancham,67,82,62,46,48,43
Pangoro,Pangoro,95,124,78,69,71,58
Furfrou,Furfrou,75,80,60,65,90,102
Espurr,Espurr,62,48,54,63,60,68
Meowstic,Meowstic,74,48,76,83,81,104
Honedge,Honedge,45,80,100,35,37,28
Doublade,Doublade,59,110,150,45,49,35
Aegislash Shield,Aegislash Shield,60,50,140,50,140,60
Aegislash Blade,Aegislash Blade,60,140,50,140,50,60
Spritzee,Spritzee,78,52,60,63,65,23
Aromatisse,Aromatisse,101,72,72,99,89,29
Swirlix,Swirlix,62,48,66,59,57,49
Slurpuff,Slurpuff,82,80,86,85,75,72
Inkay,Inkay,53,54,53,37,46,45
Malamar,Malamar,86,92,88,68,75,73
Binacle,Binacle,42,52,67,39,56,50
Barbaracle,Barbaracle,72,105,115,54,86,68
Skrelp,Skrelp,50,60,60,60,60,30
Dragalge,Dragalge,65,75,90,97,123,44
Clauncher,Clauncher,50,53,62,58,63,44
Clawitzer,Clawitzer,71,73,88,120,89,59
Helioptile,Helioptile,44,38,33,61,43,70
Heliolisk,Heliolisk,62,55,52,109,94,109
Tyrunt,Tyrunt,58,89,77,45,45,48
Tyrantrum,Tyrantrum,82,121,119,69,59,71
Amaura,Amaura,77,59,50,67,63,46
Aurorus,Aurorus,123,77,72,99,92,58
Sylveon,Sylveon,95,65,65,110,130,60
Hawlucha,Hawlucha,78,92,75,74,63,118
Dedenne,Dedenne,67,58,57,81,67,101
Carbink,Carbink,50,50,150,50,150,50
Goomy,Goomy,45,50,35,55,75,40
Sliggoo,Sliggoo,68,75,53,83,113,60
Hisuian Sliggoo,Hisuian Sliggoo,58,75,83,83,113,40
Goodra,Goodra,90,100,70,110,150,80
Hisuian Goodra,Hisuian Goodra,80,100,100,110,150,60
Klefki,Klefki,57,80,91,80,87,75
Phantump,Phantump,43,70,48,50,60,38
Trevenant,Trevenant,85,110,76,65,82,56
Pumpkaboo Small Size,Pumpkaboo Small Size,44,66,70,44,55,56
Pumpkaboo Average Size,Pumpkaboo Average Size,49,66,70,44,55,51
Pumpkaboo Large Size,Pumpkaboo Large Size,54,66,70,44,55,46
Pumpkaboo Super Size,Pumpkaboo Super Size,59,66,70,44,55,41
Gourgeist Small Size,Gourgeist Small Size,55,85,122,58,75,99
Gourgeist Average Size,Gourgeist Average Size,65,90,122,58,75,84
Gourgeist Large Size,Gourgeist Large Size,75,95,122,58,75,69
Gourgeist Super Size,Gourgeist Super Size,85,100,122,58,75,54
Bergmite,Bergmite,55,69,85,32,35,28
Avalugg,Avalugg,95,117,184,44,46,28
Hisuian Avalugg,Hisuian Avalugg,95,127,184,34,36,38
Noibat,Noibat,40,30,35,45,40,55
Noivern,Noivern,85,70,80,97,80,123
Xerneas,Xerneas,126,131,95,131,98,99
Yveltal,Yveltal,126,131,95,131,98,99
Zygarde 50%,Zygarde 50%,108,100,121,81,95,95
Zygarde 10%,Zygarde 10%,54,100,71,61,85,115
Zygarde Complete,Zygarde Complete,216,100,121,91,95,85
Diancie,Diancie,50,100,150,100,150,50
Mega Diancie,Mega Diancie,50,160,110,160,110,110
Hoopa,Hoopa,80,110,60,150,130,70
Hoopa Unbound,Hoopa Unbound,80,160,60,170,130,80
Volcanion,Volcanion,80,110,120,130,90,70
Rowlet,Rowlet,68,55,55,50,50,42
Dartrix,Dartrix,78,75,75,70,70,52
Decidueye,Decidueye,78,107,75,100,100,70
Hisuian Decidueye,Hisuian Decidueye,88,112,80,95,95,60
Litten,Litten,45,65,40,60,40,70
Torracat,Torracat,65,85,50,80,50,90
Incineroar,Incineroar,95,115,90,80,90,60
Popplio,Popplio,50,54,54,66,56,40
Brionne,Brionne,60,69,69,91,81,50
Primarina,Primarina,80,74,74,126,116,60
Pikipek,Pikipek,35,75,30,30,30,65
Trumbeak,Trumbeak,55,85,50,40,50,75
Toucannon,Toucannon,80,120,75,75,75,60
Yungoos,Yungoos,48,70,30,30,30,45
Gumshoos,Gumshoos,88,110,60,55,60,45
Grubbin,Grubbin,47,62,45,55,45,46
Charjabug,Charjabug,57,82,95,55,75,36
Vikavolt,Vikavolt,77,70,90,145,75,43
Crabrawler,Crabrawler,47,82,57,42,47,63
Crabominable,Crabominable,97,132,77,62,67,43
Oricorio,Oricorio,75,70,70,98,70,93
Cutiefly,Cutiefly,40,45,40,55,40,84
Ribombee,Ribombee,60,55,60,95,70,124
Rockruff,Rockruff,45,65,40,30,40,60
Lycanroc,Lycanroc,75,115,65,55,65,112
Lycanroc-Midnight,Lycanroc-Midnight,85,115,75,55,75,82
Lycanroc-Dusk,Lycanroc-Dusk,75,117,65,55,65,110
Wishiwashi-Solo,Wishiwashi-Solo,45,20,20,25,25,40
Wishiwashi,Wishiwashi,45,140,130,140,135,30
Mareanie,Mareanie,50,53,62,43,52,45
Toxapex,Toxapex,50,63,152,53,142,35
Mudbray,Mudbray,70,100,70,45,55,45
Mudsdale,Mudsdale,100,125,100,55,85,35
Dewpider,Dewpider,38,40,52,40,72,27
Araquanid,Araquanid,68,70,92,50,132,42
Fomantis,Fomantis,40,55,35,50,35,35
Lurantis,Lurantis,70,105,90,80,90,45
Morelull,Morelull,40,35,55,65,75,15
Shiinotic,Shiinotic,60,45,80,90,100,30
Salandit,Salandit,48,44,40,71,40,77
Salazzle,Salazzle,68,64,60,111,60,117
Stufful,Stufful,70,75,50,45,50,50
Bewear,Bewear,120,125,80,55,60,60
Bounsweet,Bounsweet,42,30,38,30,38,32
Steenee,Steenee,52,40,48,40,48,62
Tsareena,Tsareena,72,120,98,50,98,72
Comfey,Comfey,51,52,90,82,110,100
Oranguru,Oranguru,90,60,80,90,110,60
Passimian,Passimian,100,120,90,40,60,80
Wimpod,Wimpod,25,35,40,20,30,80
Golisopod,Golisopod,75,125,140,60,90,40
Sandygast,Sandygast,55,55,80,70,45,15
Palossand,Palossand,85,75,110,100,75,35
Pyukumuku,Pyukumuku,55,60,130,30,130,5
Type: Null,Type: Null,95,95,95,95,95,59
Silvally,Silvally,95,95,95,95,95,95
Minior,Minior,60,60,100,60,100,60
Minior-Core,Minior-Core,60,100,60,100,60,120
Komala,Komala,65,115,65,75,95,65
Turtonator,Turtonator,60,78,135,91,85,36
Togedemaru,Togedemaru,65,98,63,40,73,96
Mimikyu,Mimikyu,55,90,80,50,105,96
Bruxish,Bruxish,68,105,70,70,70,92
Drampa,Drampa,78,60,85,135,91,36
Dhelmise,Dhelmise,70,131,100,86,90,40
Jangmo-o,Jangmo-o,45,55,65,45,45,45
Hakamo-o,Hakamo-o,55,75,90,65,70,65
Kommo-o,Kommo-o,75,110,125,100,105,85
Tapu Koko,Tapu Koko,70,115,85,95,75,130
Tapu Lele,Tapu Lele,70,85,75,130,115,95
Tapu Bulu,Tapu Bulu,70,130,115,85,95,75
Tapu Fini,Tapu Fini,70,75,115,95,130,85
Cosmog,Cosmog,43,29,31,29,31,37
Cosmoem,Cosmoem,43,29,131,29,131,37
Solgaleo,Solgaleo,137,137,107,113,89,97
Lunala,Lunala,137,113,89,137,107,97
Nihilego,Nihilego,109,53,47,127,131,103
Buzzwole,Buzzwole,107,139,139,53,53,79
Pheromosa,Pheromosa,71,137,37,137,37,151
Xurkitree,Xurkitree,83,89,71,173,71,83
Celesteela,Celesteela,97,101,103,107,101,61
Kartana,Kartana,59,181,131,59,31,109
Guzzlord,Guzzlord,223,101,53,97,53,43
Necrozma,Necrozma,97,107,101,127,89,79
Dusk Mane Necrozma,Dusk Mane Necrozma,97,157,127,113,109,77
Dawn Wings Necrozma,Dawn Wings Necrozma,97,113,109,157,127,77
Ultra Necrozma,Ultra Necrozma,97,167,97,167,97,129
Magearna,Magearna,80,95,115,130,115,65
Marshadow,Marshadow,90,125,80,90,90,125
Poipole,Poipole,67,73,67,73,67,73
Naganadel,Naganadel,73,73,73,127,73,121
Stakataka,Stakataka,61,131,211,53,101,13
Blacephalon,Blacephalon,53,127,53,151,79,107
Zeraora,Zeraora,88,112,75,102,80,143
Meltan,Meltan,46,65,65,55,35,34
Melmetal,Melmetal,135,143,143,80,65,34
Grookey,Grookey,50,65,50,40,40,65
Thwackey,Thwackey,70,85,70,55,60,80
Rillaboom,Rillaboom,100,125,90,60,70,85
Scorbunny,Scorbunny,50,71,40,40,40,69
Raboot,Raboot,65,86,60,55,60,94
Cinderace,Cinderace,80,116,75,65,75,119
Sobble,Sobble,50,40,40,70,40,70
Drizzile,Drizzile,65,60,55,95,55,90
Inteleon,Inteleon,70,85,65,125,65,120
Skwovet,Skwovet,70,55,55,35,35,25
Greedent,Greedent,120,95,95,55,75,20
Rookidee,Rookidee,38,47,35,33,35,57
Corvisquire,Corvisquire,68,67,55,43,55,77
Corviknight,Corviknight,98,87,105,53,85,67
Blipbug,Blipbug,25,20,20,25,45,45
Dottler,Dottler,50,35,80,50,90,30
Orbeetle,Orbeetle,60,45,110,80,120,90
Nickit,Nickit,40,28,28,47,52,50
Thievul,Thievul,70,58,58,87,92,90
Gossifleur,Gossifleur,40,40,60,40,60,10
Eldegoss,Eldegoss,60,50,90,80,120,60
Wooloo,Wooloo,42,40,55,40,45,48
Dubwool,Dubwool,72,80,100,60,90,88
Chewtle,Chewtle,50,64,50,38,38,44
Drednaw,Drednaw,90,115,90,48,68,74
Yamper,Yamper,59,45,50,40,50,26
Boltund,Boltund,69,90,60,90,60,121
Rolycoly,Rolycoly,30,40,50,40,50,30
Carkol,Carkol,80,60,90,60,70,50
Coalossal,Coalossal,110,80,120,80,90,30
Applin,Applin,40,40,80,40,40,20
Flapple,Flapple,70,110,80,95,60,70
Appletun,Appletun,110,85,80,100,80,30
Silicobra,Silicobra,52,57,75,35,50,46
Sandaconda,Sandaconda,72,107,125,65,70,71
Cramorant,Cramorant,70,85,55,85,95,85
Arrokuda,Arrokuda,41,63,40,40,30,66
Barraskewda,Barraskewda,61,123,60,60,50,136
Toxel,Toxel,40,38,35,54,35,40
Toxtricity,Toxtricity,75,98,70,114,70,75
Sizzlipede,Sizzlipede,50,65,45,50,50,45
Centiskorch,Centiskorch,100,115,65,90,90,65
Clobbopus,Clobbopus,50,68,60,50,50,32
Grapploct,Grapploct,80,118,90,70,80,42
Sinistea,Sinistea,40,45,45,74,54,50
Polteageist,Polteageist,60,65,65,134,114,70
Hatenna,Hatenna,42,30,45,56,53,39
Hattrem,Hattrem,57,40,65,86,73,49
Hatterene,Hatterene,57,90,95,136,103,29
Impidimp,Impidimp,45,45,30,55,40,50
Morgrem,Morgrem,65,60,45,75,55,70
Grimmsnarl,Grimmsnarl,95,120,65,95,75,60
Obstagoon,Obstagoon,93,90,101,60,81,95
Perrserker,Perrserker,70,110,100,50,60,50
Cursola,Cursola,60,95,50,145,130,30
Sirfetch'd,Sirfetch'd,62,135,95,68,82,65
Mr. Rime,Mr. Rime,80,85,75,110,100,70
Runerigus,Runerigus,58,95,145,50,105,30
Milcery,Milcery,45,40,40,50,61,34
Alcremie,Alcremie,65,60,75,110,121,64
Falinks,Falinks,65,100,100,70,60,75
Pincurchin,Pincurchin,48,101,95,91,85,15
Snom,Snom,30,25,35,45,30,20
Frosmoth,Frosmoth,70,65,60,125,90,65
Stonjourner,Stonjourner,100,125,135,20,20,70
Eiscue,Eiscue,75,80,110,65,90,50
Eiscue-Noice,Eiscue-Noice,75,80,70,65,50,130
Indeedee-M,Indeedee-M,60,65,55,105,95,95
Indeedee-F,Indeedee-F,70,55,65,95,105,85
Morpeko,Morpeko,58,95,58,70,58,97
Cufant,Cufant,72,80,49,40,49,40
Copperajah,Copperajah,122,130,69,80,69,30
Dracozolt,Dracozolt,90,100,90,80,70,75
Arctozolt,Arctozolt,90,100,90,90,80,55
Dracovish,Dracovish,90,90,100,70,80,75
Arctovish,Arctovish,90,90,100,80,90,55
Duraludon,Duraludon,70,95,115,120,50,85
Dreepy,Dreepy,28,60,30,40,30,82
Drakloak,Drakloak,68,80,50,60,50,102
Dragapult,Dragapult,88,120,75,100,75,142
Zacian,Zacian,92,120,115,80,115,138
Zacian-Crown,Zacian-Crown,92,150,115,80,115,148
Zamazenta,Zamazenta,92,120,115,80,115,138
Zamazenta-Crown,Zamazenta-Crown,92,120,140,80,140,128
Eternatus,Eternatus,140,85,95,145,95,130
Kubfu,Kubfu,60,90,60,53,50,72
Urshifu,Urshifu,100,130,100,63,60,97
Zarude,Zarude,105,120,105,70,95,105
Regieleki,Regieleki,80,100,50,100,50,200
Regidrago,Regidrago,200,100,50,100,50,80
Glastrier,Glastrier,100,145,130,65,110,30
Spectrier,Spectrier,100,65,60,145,80,130
Calyrex,Calyrex,100,80,80,80,80,80
Calyrex-Ice,Calyrex-Ice,100,165,150,85,130,50
Calyrex-Shadow,Calyrex-Shadow,100,85,80,165,100,150
Wyrdeer,Wyrdeer,103,105,72,105,75,65
Kleavor,Kleavor,70,130,95,45,75,85
Ursaluna,Ursaluna,130,140,105,45,80,50
Basculegion-M,Basculegion-M,120,112,65,80,75,78
Basculegion-F,Basculegion-F,120,92,65,100,75,78
Sneasler,Sneasler,80,130,60,40,80,120
Overqwil,Overqwil,85,115,95,65,65,85
Enamorus,Enamorus,74,115,70,135,80,106
Enamorus-T,Enamorus-T,74,115,110,135,100,46
Sprigatito,Sprigatito,40,61,54,45,45,65
Floragato,Floragato,61,80,63,60,63,83
Meowscarada,Meowscarada,76,110,70,81,70,123
Fuecoco,Fuecoco,67,45,59,63,40,36
Crocalor,Crocalor,81,55,78,90,58,49
Skeledirge,Skeledirge,104,75,100,110,75,66
Quaxly,Quaxly,55,65,45,50,45,50
Quaxwell,Quaxwell,70,85,65,65,60,65
Quaquaval,Quaquaval,85,120,80,85,75,85
Lechonk,Lechonk,54,45,40,35,45,35
Oinkologne-M,Oinkologne-M,110,100,75,59,80,65
Oinkologne-F,Oinkologne-F,115,90,70,59,90,65
Tarountula,Tarountula,35,41,45,29,40,20
Spidops,Spidops,60,79,92,52,86,35
Nymble,Nymble,33,46,40,21,25,45
Lokix,Lokix,71,102,78,52,55,92
Pawmi,Pawmi,45,50,20,40,25,60
Pawmo,Pawmo,60,75,40,50,40,85
Pawmot,Pawmot,70,115,70,70,60,105
Tandemaus,Tandemaus,50,50,45,40,45,75
Maushold,Maushold,74,75,70,65,75,111
Fidough,Fidough,37,55,70,30,55,65
Dachsbun,Dachsbun,57,80,115,50,80,95
Smoliv,Smoliv,41,35,45,58,51,30
Dolliv,Dolliv,52,53,60,78,78,33
Arboliva,Arboliva,78,69,90,125,109,39
Squawkabilly,Squawkabilly,82,96,51,45,51,92
Nacli,Nacli,55,55,75,35,35,25
Naclstack,Naclstack,60,60,100,35,65,35
Garganacl,Garganacl,100,100,130,45,90,35
Charcadet,Charcadet,40,50,40,50,40,35
Armarouge,Armarouge,85,60,100,125,80,75
Ceruledge,Ceruledge,75,125,80,60,100,85
Tadbulb,Tadbulb,61,31,41,59,35,45
Bellibolt,Bellibolt,109,64,91,103,83,45
Wattrel,Wattrel,40,40,35,55,40,70
Kilowattrel,Kilowattrel,70,70,60,105,60,125
Maschiff,Maschiff,60,78,60,40,51,51
Mabosstiff,Mabosstiff,80,120,90,60,70,85
Shroodle,Shroodle,40,65,35,40,35,75
Grafaiai,Grafaiai,63,95,65,80,72,110
Bramblin,Bramblin,40,65,30,45,35,60
Brambleghast,Brambleghast,55,115,70,80,70,90
Toedscool,Toedscool,40,40,35,50,100,70
Toedscruel,Toedscruel,80,70,65,80,120,100
Klawf,Klawf,70,100,115,35,55,75
Capsakid,Capsakid,50,62,40,62,40,50
Scovillain,Scovillain,65,108,65,108,65,75
Rellor,Rellor,41,50,60,31,58,30
Rabsca,Rabsca,75,50,85,115,100,45
Flittle,Flittle,30,35,30,55,30,75
Espathra,Espathra,95,60,60,101,60,105
Tinkatink,Tinkatink,50,45,45,35,64,58
Tinkatuff,Tinkatuff,65,55,55,45,82,78
Tinkaton,Tinkaton,85,75,77,70,105,94
Wiglett,Wiglett,10,55,25,35,25,95
Wugtrio,Wugtrio,35,100,50,50,70,120
Bombirdier,Bombirdier,70,103,85,60,85,82
Finizen,Finizen,70,45,40,45,40,75
Palafin,Palafin,100,70,72,53,62,100
Palafin-Hero,Palafin-Hero,100,160,97,106,87,100
Varoom,Varoom,45,70,63,30,45,47
Revavroom,Revavroom,80,119,90,54,67,90
Cyclizar,Cyclizar,70,95,65,85,65,121
Orthworm,Orthworm,70,85,145,60,55,65
Glimmet,Glimmet,48,35,42,105,60,60
Glimmora,Glimmora,83,55,90,130,81,86
Greavard,Greavard,50,61,60,30,55,34
Houndstone,Houndstone,72,101,100,50,97,68
Flamigo,Flamigo,82,115,74,75,64,90
Cetoddle,Cetoddle,108,68,45,30,40,43
Cetitan,Cetitan,170,113,65,45,55,73
Veluza,Veluza,90,102,73,78,65,70
Dondozo,Dondozo,150,100,115,65,65,35
Tatsugiri,Tatsugiri,68,50,60,120,95,82
Annihilape,Annihilape,110,115,80,50,90,90
Clodsire,Clodsire,130,75,60,45,100,20
Farigiraf,Farigiraf,120,90,70,110,70,60
Dudunsparce,Dudunsparce,125,100,80,85,75,55
Kingambit,Kingambit,100,135,120,60,85,50
Great Tusk,Great Tusk,115,131,131,53,53,87
Scream Tail,Scream Tail,115,65,99,65,115,111
Brute Bonnet,Brute Bonnet,111,127,99,79,99,55
Flutter Mane,Flutter Mane,55,55,55,135,135,135
Slither Wing,Slither Wing,85,135,79,85,105,81
Sandy Shocks,Sandy Shocks,85,81,97,121,85,101
Iron Treads,Iron Treads,90,112,120,72,70,106
Iron Bundle,Iron Bundle,56,80,114,124,60,136
Iron Hands,Iron Hands,154,140,108,50,68,50
Iron Jugulis,Iron Jugulis,94,80,86,122,80,108
Iron Moth,Iron Moth,80,70,60,140,110,110
Iron Thorns,Iron Thorns,100,134,110,70,84,72
Frigibax,Frigibax,65,75,45,35,45,55
Arctibax,Arctibax,90,95,66,45,65,62
Baxcalibur,Baxcalibur,115,145,92,75,86,87
Gimmighoul,Gimmighoul,45,30,70,75,70,10
Gimmighoul (Roaming),Gimmighoul (Roaming),45,30,25,75,45,80
Gholdengo,Gholdengo,87,60,95,133,91,84
Wo-Chien,Wo-Chien,85,85,100,95,135,70
Chien-Pao,Chien-Pao,80,120,80,90,65,135
Ting-Lu,Ting-Lu,155,110,125,55,80,45
Chi-Yu,Chi-Yu,55,80,80,135,120,100
Roaring Moon,Roaring Moon,105,139,71,55,101,119
Iron Valiant,Iron Valiant,74,130,90,120,60,116
Koraidon,Koraidon,100,135,115,85,100,135
Miraidon,Miraidon,100,85,100,135,115,135
Walking Wake,Walking Wake,99,83,91,125,83,109
Iron Leaves,Iron Leaves,90,130,88,70,108,104
,,,,,,,
,,,,,,,
,,,,,,,
,,,,,,,
,,,,,,,
